Titulo,1º - Semana,2º - Semana,3º - Semana,4º - Semana,5º - Semana,Dia,coorganizador 1,coorganizador 2,coorganizador 3,Link do Meet
Sala - BS12,16/09/2026 19:00:00,30/09/2026 19:00:00,28/10/2026 19:00:00,11/11/2026 19:00:00,25/11/2026 19:00:00,Quarta,suporte.eti.08@virtual.ufc.br,carla.duarte@ufc.br,eri.menezes@ufc.br,https://meet.google.com/jte-rwvg-tgv
Célula 01 - BS12,16/09/2026 19:00:00,30/09/2026 19:00:00,28/10/2026 19:00:00,11/11/2026 19:00:00,25/11/2026 19:00:00,Quarta,suporte.eti.08@virtual.ufc.br,carla.duarte@ufc.br,eri.menezes@ufc.br,https://meet.google.com/rop-euen-aoy
Célula 02 - BS12,16/09/2026 19:00:00,30/09/2026 19:00:00,28/10/2026 19:00:00,11/11/2026 19:00:00,25/11/2026 19:00:00,Quarta,suporte.eti.08@virtual.ufc.br,carla.duarte@ufc.br,eri.menezes@ufc.br,https://meet.google.com/yqj-jvdt-oir
Célula 03 - BS12,16/09/2026 19:00:00,30/09/2026 19:00:00,28/10/2026 19:00:00,11/11/2026 19:00:00,25/11/2026 19:00:00,Quarta,suporte.eti.08@virtual.ufc.br,carla.duarte@ufc.br,eri.menezes@ufc.br,https://meet.google.com/hmg-vbsj-jkb
Célula 04 - BS12,16/09/2026 19:00:00,30/09/2026 19:00:00,28/10/2026 19:00:00,11/11/2026 19:00:00,25/11/2026 19:00:00,Quarta,suporte.eti.08@virtual.ufc.br,carla.duarte@ufc.br,eri.menezes@ufc.br,https://meet.google.com/iyp-tkfx-qvx
Célula 05 - BS12,16/09/2026 19:00:00,30/09/2026 19:00:00,28/10/2026 19:00:00,11/11/2026 19:00:00,25/11/2026 19:00:00,Quarta,suporte.eti.08@virtual.ufc.br,carla.duarte@ufc.br,eri.menezes@ufc.br,https://meet.google.com/ebh-uxep-bnm
Célula 06 - BS12,16/09/2026 19:00:00,30/09/2026 19:00:00,28/10/2026 19:00:00,11/11/2026 19:00:00,25/11/2026 19:00:00,Quarta,suporte.eti.08@virtual.ufc.br,carla.duarte@ufc.br,eri.menezes@ufc.br,https://meet.google.com/ybe-nnou-bzc
Sala - BS13,16/09/2026 19:00:00,30/09/2026 19:00:00,28/10/2026 19:00:00,11/11/2026 19:00:00,25/11/2026 19:00:00,Quarta,suporte.eti.08@virtual.ufc.br,carla.duarte@ufc.br,amanda.lima@eideia.ufc.br,https://meet.google.com/ark-mwnp-jrg
Célula 01 - BS13,16/09/2026 19:00:00,30/09/2026 19:00:00,28/10/2026 19:00:00,11/11/2026 19:00:00,25/11/2026 19:00:00,Quarta,suporte.eti.08@virtual.ufc.br,carla.duarte@ufc.br,amanda.lima@eideia.ufc.br,https://meet.google.com/kwx-krid-hhh
Célula 02 - BS13,16/09/2026 19:00:00,30/09/2026 19:00:00,28/10/2026 19:00:00,11/11/2026 19:00:00,25/11/2026 19:00:00,Quarta,suporte.eti.08@virtual.ufc.br,carla.duarte@ufc.br,amanda.lima@eideia.ufc.br,https://meet.google.com/swn-eyox-rfy
Célula 03 - BS13,16/09/2026 19:00:00,30/09/2026 19:00:00,28/10/2026 19:00:00,11/11/2026 19:00:00,25/11/2026 19:00:00,Quarta,suporte.eti.08@virtual.ufc.br,carla.duarte@ufc.br,amanda.lima@eideia.ufc.br,https://meet.google.com/smx-dmzk-izk
Célula 04 - BS13,16/09/2026 19:00:00,30/09/2026 19:00:00,28/10/2026 19:00:00,11/11/2026 19:00:00,25/11/2026 19:00:00,Quarta,suporte.eti.08@virtual.ufc.br,carla.duarte@ufc.br,amanda.lima@eideia.ufc.br,https://meet.google.com/oew-gcvm-fea
Célula 05 - BS13,16/09/2026 19:00:00,30/09/2026 19:00:00,28/10/2026 19:00:00,11/11/2026 19:00:00,25/11/2026 19:00:00,Quarta,suporte.eti.08@virtual.ufc.br,carla.duarte@ufc.br,amanda.lima@eideia.ufc.br,https://meet.google.com/yjf-ibvj-xcm
Célula 06 - BS13,16/09/2026 19:00:00,30/09/2026 19:00:00,28/10/2026 19:00:00,11/11/2026 19:00:00,25/11/2026 19:00:00,Quarta,suporte.eti.08@virtual.ufc.br,carla.duarte@ufc.br,amanda.lima@eideia.ufc.br,https://meet.google.com/tem-dohu-kmz
Sala - BS14,16/09/2026 19:00:00,30/09/2026 19:00:00,28/10/2026 19:00:00,11/11/2026 19:00:00,25/11/2026 19:00:00,Quarta,suporte.eti.08@virtual.ufc.br,carla.duarte@ufc.br,moraiskassandra@gmail.com,https://meet.google.com/qsk-bryu-huf
Célula 01 -BS14,16/09/2026 19:00:00,30/09/2026 19:00:00,28/10/2026 19:00:00,11/11/2026 19:00:00,25/11/2026 19:00:00,Quarta,suporte.eti.08@virtual.ufc.br,carla.duarte@ufc.br,moraiskassandra@gmail.com,https://meet.google.com/xbw-xbrs-sky
Célula 02 -BS14,16/09/2026 19:00:00,30/09/2026 19:00:00,28/10/2026 19:00:00,11/11/2026 19:00:00,25/11/2026 19:00:00,Quarta,suporte.eti.08@virtual.ufc.br,carla.duarte@ufc.br,moraiskassandra@gmail.com,https://meet.google.com/xwo-fdff-qob
Célula 03 -BS14,16/09/2026 19:00:00,30/09/2026 19:00:00,28/10/2026 19:00:00,11/11/2026 19:00:00,25/11/2026 19:00:00,Quarta,suporte.eti.08@virtual.ufc.br,carla.duarte@ufc.br,moraiskassandra@gmail.com,https://meet.google.com/rfm-zqnm-mzd
Célula 04 -BS14,16/09/2026 19:00:00,30/09/2026 19:00:00,28/10/2026 19:00:00,11/11/2026 19:00:00,25/11/2026 19:00:00,Quarta,suporte.eti.08@virtual.ufc.br,carla.duarte@ufc.br,moraiskassandra@gmail.com,https://meet.google.com/npd-pvbz-npb
Célula 05 -BS14,16/09/2026 19:00:00,30/09/2026 19:00:00,28/10/2026 19:00:00,11/11/2026 19:00:00,25/11/2026 19:00:00,Quarta,suporte.eti.08@virtual.ufc.br,carla.duarte@ufc.br,moraiskassandra@gmail.com,https://meet.google.com/puq-ezmx-pki
Célula 06 -BS14,16/09/2026 19:00:00,30/09/2026 19:00:00,28/10/2026 19:00:00,11/11/2026 19:00:00,25/11/2026 19:00:00,Quarta,suporte.eti.08@virtual.ufc.br,carla.duarte@ufc.br,moraiskassandra@gmail.com,https://meet.google.com/son-mqpd-uki
Sala - BS15,16/09/2026 19:00:00,30/09/2026 19:00:00,28/10/2026 19:00:00,11/11/2026 19:00:00,25/11/2026 19:00:00,Quarta,suporte.eti.08@virtual.ufc.br,carla.duarte@ufc.br,mayaramartins@ufc.br,https://meet.google.com/mvs-kjtx-ewm
Célula 01 - BS15,16/09/2026 19:00:00,30/09/2026 19:00:00,28/10/2026 19:00:00,11/11/2026 19:00:00,25/11/2026 19:00:00,Quarta,suporte.eti.08@virtual.ufc.br,carla.duarte@ufc.br,mayaramartins@ufc.br,https://meet.google.com/sjb-dyhw-asf
Célula 02 - BS15,16/09/2026 19:00:00,30/09/2026 19:00:00,28/10/2026 19:00:00,11/11/2026 19:00:00,25/11/2026 19:00:00,Quarta,suporte.eti.08@virtual.ufc.br,carla.duarte@ufc.br,mayaramartins@ufc.br,https://meet.google.com/prr-irdw-wzq
Célula 03 - BS15,16/09/2026 19:00:00,30/09/2026 19:00:00,28/10/2026 19:00:00,11/11/2026 19:00:00,25/11/2026 19:00:00,Quarta,suporte.eti.08@virtual.ufc.br,carla.duarte@ufc.br,mayaramartins@ufc.br,https://meet.google.com/nix-zhtc-ckq
Célula 04 - BS15,16/09/2026 19:00:00,30/09/2026 19:00:00,28/10/2026 19:00:00,11/11/2026 19:00:00,25/11/2026 19:00:00,Quarta,suporte.eti.08@virtual.ufc.br,carla.duarte@ufc.br,mayaramartins@ufc.br,https://meet.google.com/sqk-keaq-wiw
Célula 05 - BS15,16/09/2026 19:00:00,30/09/2026 19:00:00,28/10/2026 19:00:00,11/11/2026 19:00:00,25/11/2026 19:00:00,Quarta,suporte.eti.08@virtual.ufc.br,carla.duarte@ufc.br,mayaramartins@ufc.br,https://meet.google.com/vaj-xjso-syi
Célula 06 - BS15,16/09/2026 19:00:00,30/09/2026 19:00:00,28/10/2026 19:00:00,11/11/2026 19:00:00,25/11/2026 19:00:00,Quarta,suporte.eti.08@virtual.ufc.br,carla.duarte@ufc.br,mayaramartins@ufc.br,https://meet.google.com/pqw-fjke-svy
Sala - BS16,16/09/2026 19:00:00,30/09/2026 19:00:00,28/10/2026 19:00:00,11/11/2026 19:00:00,25/11/2026 19:00:00,Quarta,suporte.eti.08@virtual.ufc.br,carla.duarte@ufc.br,contato.aliceandrade@gmail.com,https://meet.google.com/yav-eydy-wqi
Célula 01 - BS16,16/09/2026 19:00:00,30/09/2026 19:00:00,28/10/2026 19:00:00,11/11/2026 19:00:00,25/11/2026 19:00:00,Quarta,suporte.eti.08@virtual.ufc.br,carla.duarte@ufc.br,contato.aliceandrade@gmail.com,https://meet.google.com/kbb-mysy-xuz
Célula 02 - BS16,16/09/2026 19:00:00,30/09/2026 19:00:00,28/10/2026 19:00:00,11/11/2026 19:00:00,25/11/2026 19:00:00,Quarta,suporte.eti.08@virtual.ufc.br,carla.duarte@ufc.br,contato.aliceandrade@gmail.com,https://meet.google.com/dix-akod-nan
Célula 03 - BS16,16/09/2026 19:00:00,30/09/2026 19:00:00,28/10/2026 19:00:00,11/11/2026 19:00:00,25/11/2026 19:00:00,Quarta,suporte.eti.08@virtual.ufc.br,carla.duarte@ufc.br,contato.aliceandrade@gmail.com,https://meet.google.com/dqq-bsqv-hkf
Célula 04 - BS16,16/09/2026 19:00:00,30/09/2026 19:00:00,28/10/2026 19:00:00,11/11/2026 19:00:00,25/11/2026 19:00:00,Quarta,suporte.eti.08@virtual.ufc.br,carla.duarte@ufc.br,contato.aliceandrade@gmail.com,https://meet.google.com/wbw-ccse-uwd
Célula 05 - BS16,16/09/2026 19:00:00,30/09/2026 19:00:00,28/10/2026 19:00:00,11/11/2026 19:00:00,25/11/2026 19:00:00,Quarta,suporte.eti.08@virtual.ufc.br,carla.duarte@ufc.br,contato.aliceandrade@gmail.com,https://meet.google.com/gjy-emsn-vqw
Célula 06 - BS16,16/09/2026 19:00:00,30/09/2026 19:00:00,28/10/2026 19:00:00,11/11/2026 19:00:00,25/11/2026 19:00:00,Quarta,suporte.eti.08@virtual.ufc.br,carla.duarte@ufc.br,contato.aliceandrade@gmail.com,https://meet.google.com/byi-zkze-edb
Sala - OS24,17/09/2026 19:00:00,01/10/2026 19:00:00,29/10/2026 19:00:00,12/11/2026 19:00:00,26/11/2026 19:00:00,Quinta,suporte.eti.08@virtual.ufc.br,josi.ufc@ufc.br,fernanda.muller@ufc.br,https://meet.google.com/fdb-ygdy-gem
Célula 01 - OS24,17/09/2026 19:00:00,01/10/2026 19:00:00,29/10/2026 19:00:00,12/11/2026 19:00:00,26/11/2026 19:00:00,Quinta,suporte.eti.08@virtual.ufc.br,josi.ufc@ufc.br,fernanda.muller@ufc.br,https://meet.google.com/ysn-cdkh-sra
Célula 02 - OS24,17/09/2026 19:00:00,01/10/2026 19:00:00,29/10/2026 19:00:00,12/11/2026 19:00:00,26/11/2026 19:00:00,Quinta,suporte.eti.08@virtual.ufc.br,josi.ufc@ufc.br,fernanda.muller@ufc.br,https://meet.google.com/xof-jeqc-gqu
Célula 03 - OS24,17/09/2026 19:00:00,01/10/2026 19:00:00,29/10/2026 19:00:00,12/11/2026 19:00:00,26/11/2026 19:00:00,Quinta,suporte.eti.08@virtual.ufc.br,josi.ufc@ufc.br,fernanda.muller@ufc.br,https://meet.google.com/vzu-ixxw-cbx
Célula 04 - OS24,17/09/2026 19:00:00,01/10/2026 19:00:00,29/10/2026 19:00:00,12/11/2026 19:00:00,26/11/2026 19:00:00,Quinta,suporte.eti.08@virtual.ufc.br,josi.ufc@ufc.br,fernanda.muller@ufc.br,https://meet.google.com/ijy-vpqw-vvg
Célula 05 - OS24,17/09/2026 19:00:00,01/10/2026 19:00:00,29/10/2026 19:00:00,12/11/2026 19:00:00,26/11/2026 19:00:00,Quinta,suporte.eti.08@virtual.ufc.br,josi.ufc@ufc.br,fernanda.muller@ufc.br,https://meet.google.com/dww-awyy-huk
Célula 06 - OS24,17/09/2026 19:00:00,01/10/2026 19:00:00,29/10/2026 19:00:00,12/11/2026 19:00:00,26/11/2026 19:00:00,Quinta,suporte.eti.08@virtual.ufc.br,josi.ufc@ufc.br,fernanda.muller@ufc.br,https://meet.google.com/zqy-omea-bhd
Sala - OS25,17/09/2026 19:00:00,01/10/2026 19:00:00,29/10/2026 19:00:00,12/11/2026 19:00:00,26/11/2026 19:00:00,Quinta,suporte.eti.08@virtual.ufc.br,josi.ufc@ufc.br,clkbraga@gmail.com,https://meet.google.com/xme-npav-mzv
Célula 01 - OS25,17/09/2026 19:00:00,01/10/2026 19:00:00,29/10/2026 19:00:00,12/11/2026 19:00:00,26/11/2026 19:00:00,Quinta,suporte.eti.08@virtual.ufc.br,josi.ufc@ufc.br,clkbraga@gmail.com,https://meet.google.com/ejw-smth-rym
Célula 02 - OS25,17/09/2026 19:00:00,01/10/2026 19:00:00,29/10/2026 19:00:00,12/11/2026 19:00:00,26/11/2026 19:00:00,Quinta,suporte.eti.08@virtual.ufc.br,josi.ufc@ufc.br,clkbraga@gmail.com,https://meet.google.com/zrj-omha-ajh
Célula 03 - OS25,17/09/2026 19:00:00,01/10/2026 19:00:00,29/10/2026 19:00:00,12/11/2026 19:00:00,26/11/2026 19:00:00,Quinta,suporte.eti.08@virtual.ufc.br,josi.ufc@ufc.br,clkbraga@gmail.com,https://meet.google.com/rmk-bcwt-evh
Célula 04 - OS25,17/09/2026 19:00:00,01/10/2026 19:00:00,29/10/2026 19:00:00,12/11/2026 19:00:00,26/11/2026 19:00:00,Quinta,suporte.eti.08@virtual.ufc.br,josi.ufc@ufc.br,clkbraga@gmail.com,https://meet.google.com/ecj-terj-ffk
Célula 05 - OS25,17/09/2026 19:00:00,01/10/2026 19:00:00,29/10/2026 19:00:00,12/11/2026 19:00:00,26/11/2026 19:00:00,Quinta,suporte.eti.08@virtual.ufc.br,josi.ufc@ufc.br,clkbraga@gmail.com,https://meet.google.com/txf-xngy-pan
Célula 06 - OS25,17/09/2026 19:00:00,01/10/2026 19:00:00,29/10/2026 19:00:00,12/11/2026 19:00:00,26/11/2026 19:00:00,Quinta,suporte.eti.08@virtual.ufc.br,josi.ufc@ufc.br,clkbraga@gmail.com,https://meet.google.com/eht-mncw-cmh
Sala - OS26,17/09/2026 19:00:00,01/10/2026 19:00:00,29/10/2026 19:00:00,12/11/2026 19:00:00,26/11/2026 19:00:00,Quinta,suporte.eti.08@virtual.ufc.br,josi.ufc@ufc.br,ryanlucastv@gmail.com,https://meet.google.com/qxm-ncgj-wch
Célula 01 - OS26,17/09/2026 19:00:00,01/10/2026 19:00:00,29/10/2026 19:00:00,12/11/2026 19:00:00,26/11/2026 19:00:00,Quinta,suporte.eti.08@virtual.ufc.br,josi.ufc@ufc.br,ryanlucastv@gmail.com,https://meet.google.com/vwv-ubsr-hrc
Célula 02 - OS26,17/09/2026 19:00:00,01/10/2026 19:00:00,29/10/2026 19:00:00,12/11/2026 19:00:00,26/11/2026 19:00:00,Quinta,suporte.eti.08@virtual.ufc.br,josi.ufc@ufc.br,ryanlucastv@gmail.com,https://meet.google.com/tzz-ejct-urj
Célula 03 - OS26,17/09/2026 19:00:00,01/10/2026 19:00:00,29/10/2026 19:00:00,12/11/2026 19:00:00,26/11/2026 19:00:00,Quinta,suporte.eti.08@virtual.ufc.br,josi.ufc@ufc.br,ryanlucastv@gmail.com,https://meet.google.com/iae-ftsn-qpb
Célula 04 - OS26,17/09/2026 19:00:00,01/10/2026 19:00:00,29/10/2026 19:00:00,12/11/2026 19:00:00,26/11/2026 19:00:00,Quinta,suporte.eti.08@virtual.ufc.br,josi.ufc@ufc.br,ryanlucastv@gmail.com,https://meet.google.com/nkt-aknx-ned
Célula 05 - OS26,17/09/2026 19:00:00,01/10/2026 19:00:00,29/10/2026 19:00:00,12/11/2026 19:00:00,26/11/2026 19:00:00,Quinta,suporte.eti.08@virtual.ufc.br,josi.ufc@ufc.br,ryanlucastv@gmail.com,https://meet.google.com/fdh-rote-vgi
Célula 06 - OS26,17/09/2026 19:00:00,01/10/2026 19:00:00,29/10/2026 19:00:00,12/11/2026 19:00:00,26/11/2026 19:00:00,Quinta,suporte.eti.08@virtual.ufc.br,josi.ufc@ufc.br,ryanlucastv@gmail.com,https://meet.google.com/wqr-xutw-zuv
Sala - OS27,17/09/2026 19:00:00,01/10/2026 19:00:00,29/10/2026 19:00:00,12/11/2026 19:00:00,26/11/2026 19:00:00,Quinta,suporte.eti.08@virtual.ufc.br,josi.ufc@ufc.br,tatiane.serafim@alu.ufc.br,https://meet.google.com/hqt-ccow-hqh
Célula 01 - OS27,17/09/2026 19:00:00,01/10/2026 19:00:00,29/10/2026 19:00:00,12/11/2026 19:00:00,26/11/2026 19:00:00,Quinta,suporte.eti.08@virtual.ufc.br,josi.ufc@ufc.br,tatiane.serafim@alu.ufc.br,https://meet.google.com/yse-ktkz-rpw
Célula 02 -  OS27,17/09/2026 19:00:00,01/10/2026 19:00:00,29/10/2026 19:00:00,12/11/2026 19:00:00,26/11/2026 19:00:00,Quinta,suporte.eti.08@virtual.ufc.br,josi.ufc@ufc.br,tatiane.serafim@alu.ufc.br,https://meet.google.com/qtg-vxai-ktn
Célula 03  - OS27,17/09/2026 19:00:00,01/10/2026 19:00:00,29/10/2026 19:00:00,12/11/2026 19:00:00,26/11/2026 19:00:00,Quinta,suporte.eti.08@virtual.ufc.br,josi.ufc@ufc.br,tatiane.serafim@alu.ufc.br,https://meet.google.com/khd-xddi-gfw
Célula 04  - OS27,17/09/2026 19:00:00,01/10/2026 19:00:00,29/10/2026 19:00:00,12/11/2026 19:00:00,26/11/2026 19:00:00,Quinta,suporte.eti.08@virtual.ufc.br,josi.ufc@ufc.br,tatiane.serafim@alu.ufc.br,https://meet.google.com/fws-ghko-hyw
Célula 05  - OS27,17/09/2026 19:00:00,01/10/2026 19:00:00,29/10/2026 19:00:00,12/11/2026 19:00:00,26/11/2026 19:00:00,Quinta,suporte.eti.08@virtual.ufc.br,josi.ufc@ufc.br,tatiane.serafim@alu.ufc.br,https://meet.google.com/pzr-gghv-xpi
Célula 06  - OS27,17/09/2026 19:00:00,01/10/2026 19:00:00,29/10/2026 19:00:00,12/11/2026 19:00:00,26/11/2026 19:00:00,Quinta,suporte.eti.08@virtual.ufc.br,josi.ufc@ufc.br,tatiane.serafim@alu.ufc.br,https://meet.google.com/nwa-ezwf-pvt
Sala - OS28,17/09/2026 19:00:00,01/10/2026 19:00:00,29/10/2026 19:00:00,12/11/2026 19:00:00,26/11/2026 19:00:00,Quinta,suporte.eti.08@virtual.ufc.br,josi.ufc@ufc.br,weyden034@gmail.com,https://meet.google.com/hsv-hbrt-jgm
Célula 01 - OS28,17/09/2026 19:00:00,01/10/2026 19:00:00,29/10/2026 19:00:00,12/11/2026 19:00:00,26/11/2026 19:00:00,Quinta,suporte.eti.08@virtual.ufc.br,josi.ufc@ufc.br,weyden034@gmail.com,https://meet.google.com/kau-ebbo-zom
Célula 02 - OS28,17/09/2026 19:00:00,01/10/2026 19:00:00,29/10/2026 19:00:00,12/11/2026 19:00:00,26/11/2026 19:00:00,Quinta,suporte.eti.08@virtual.ufc.br,josi.ufc@ufc.br,weyden034@gmail.com,https://meet.google.com/qky-icqh-zoo
Célula 03 - OS28,17/09/2026 19:00:00,01/10/2026 19:00:00,29/10/2026 19:00:00,12/11/2026 19:00:00,26/11/2026 19:00:00,Quinta,suporte.eti.08@virtual.ufc.br,josi.ufc@ufc.br,weyden034@gmail.com,https://meet.google.com/wtx-eztj-qvv
Célula 04 - OS28,17/09/2026 19:00:00,01/10/2026 19:00:00,29/10/2026 19:00:00,12/11/2026 19:00:00,26/11/2026 19:00:00,Quinta,suporte.eti.08@virtual.ufc.br,josi.ufc@ufc.br,weyden034@gmail.com,https://meet.google.com/eny-jrjj-mze
Célula 05 - OS28,17/09/2026 19:00:00,01/10/2026 19:00:00,29/10/2026 19:00:00,12/11/2026 19:00:00,26/11/2026 19:00:00,Quinta,suporte.eti.08@virtual.ufc.br,josi.ufc@ufc.br,weyden034@gmail.com,https://meet.google.com/vsq-vydy-bdd
Célula 06 - OS28,17/09/2026 19:00:00,01/10/2026 19:00:00,29/10/2026 19:00:00,12/11/2026 19:00:00,26/11/2026 19:00:00,Quinta,suporte.eti.08@virtual.ufc.br,josi.ufc@ufc.br,weyden034@gmail.com,https://meet.google.com/mtf-hobd-crh